pair_id,group,analysis_set,evaluation_eligible,subject_id,abs_age_gap,transition,matched_cohort
1,1,primary,1,002_S_5178,0.020000000000010232,1,transition
2,2,primary,1,009_S_0751,0.23999999999999488,1,transition
3,3,primary,1,012_S_5121,0.09999999999999432,1,transition
4,4,primary,1,109_S_4499,0.5099999999999909,1,transition
5,5,primary,1,126_S_0680,1.1400000000000006,1,transition
6,6,primary,1,135_S_5273,5.310000000000002,1,transition
7,7,primary,1,941_S_7051,1.0300000000000082,1,transition
8,8,primary,1,007_S_1222,0.20000000000000284,1,transition
9,9,primary,1,011_S_0008,0.5900000000000034,1,transition
10,10,primary,1,027_S_6001,0.5100000000000051,1,transition
11,11,primary,1,032_S_4277,0.12999999999999545,1,transition
12,12,primary,1,041_S_4200,0.1700000000000017,1,transition
13,13,primary,1,067_S_0056,0.19999999999998863,1,transition
14,14,primary,1,068_S_0210,0.23000000000000398,1,transition
15,15,primary,1,127_S_5132,0.0799999999999983,1,transition
16,16,primary,1,129_S_4422,0.01999999999999602,1,transition
17,17,primary,1,130_S_5258,0.1700000000000017,1,transition
18,18,primary,1,941_S_6080,0.4900000000000091,1,transition
19,19,primary,1,024_S_0985,8.420000000000002,1,transition
20,20,primary,1,002_S_6066,1.8900000000000006,1,transition
21,21,primary,1,003_S_6644,0.23000000000000398,1,transition
22,22,primary,1,005_S_0602,0.060000000000002274,1,transition
23,23,primary,1,009_S_4337,0.28000000000000114,1,transition
24,24,primary,1,010_S_0420,0.06999999999999318,1,transition
25,25,primary,1,011_S_0002,0.09000000000000341,1,transition
26,26,primary,1,011_S_6465,0.10999999999999943,1,transition
27,27,primary,1,013_S_4579,0.01999999999999602,1,transition
28,28,primary,1,014_S_0558,0.21999999999999886,1,transition
29,29,primary,1,016_S_4121,1.3200000000000074,1,transition
30,30,primary,1,016_S_4638,0.030000000000001137,1,transition
31,31,primary,1,018_S_0055,0.06999999999999318,1,transition
32,32,primary,1,021_S_6940,0.060000000000002274,1,transition
33,33,primary,1,027_S_7024,0.09999999999999432,1,transition
34,34,primary,1,029_S_0843,0.009999999999990905,1,transition
35,35,primary,1,029_S_4652,0.010000000000005116,1,transition
36,36,primary,1,031_S_4218,0.009999999999990905,1,transition
37,37,primary,1,032_S_6279,1.1899999999999977,1,transition
38,38,primary,1,035_S_0156,0.060000000000002274,1,transition
39,39,primary,1,035_S_6948,0.01999999999999602,1,transition
40,40,primary,1,037_S_4071,0.23999999999999488,1,transition
41,41,primary,1,037_S_6046,0.0,1,transition
42,42,primary,1,041_S_5097,0.04999999999999716,1,transition
43,43,primary,1,051_S_5285,0.04000000000000625,1,transition
44,44,primary,1,068_S_0127,0.009999999999990905,1,transition
45,45,primary,1,072_S_5207,0.030000000000001137,1,transition
46,46,primary,1,094_S_1241,0.14000000000000057,1,transition
47,47,primary,1,098_S_0896,0.04999999999999716,1,transition
48,48,primary,1,098_S_4275,0.009999999999990905,1,transition
49,49,primary,1,098_S_4506,0.030000000000001137,1,transition
50,50,primary,1,100_S_0035,0.01999999999999602,1,transition
51,51,primary,1,100_S_0069,0.010000000000005116,1,transition
52,52,primary,1,114_S_0173,0.04999999999999716,1,transition
53,53,primary,1,127_S_0259,0.010000000000005116,1,transition
54,54,primary,1,128_S_0230,0.2600000000000051,1,transition
55,55,primary,1,128_S_0522,0.0,1,transition
56,56,primary,1,128_S_0545,0.05999999999998806,1,transition
57,57,primary,1,130_S_0232,0.1799999999999926,1,transition
58,58,primary,1,130_S_1200,0.3500000000000085,1,transition
59,59,primary,1,130_S_6319,0.04999999999999716,1,transition
60,60,primary,1,131_S_0123,0.010000000000005116,1,transition
61,61,primary,1,135_S_6411,0.010000000000005116,1,transition
62,62,primary,1,137_S_0459,0.020000000000010232,1,transition
63,63,primary,1,141_S_0717,0.01999999999999602,1,transition
64,64,primary,1,141_S_6240,0.060000000000002274,1,transition
65,65,primary,1,168_S_6371,0.07000000000000739,1,transition
66,66,primary,1,941_S_1194,0.10000000000000853,1,transition
67,67,primary,1,941_S_1202,0.010000000000005116,1,transition
68,68,primary,1,941_S_1203,0.0799999999999983,1,transition
69,69,primary,1,941_S_4365,0.09000000000000341,1,transition
70,70,primary,1,941_S_6575,0.009999999999990905,1,transition
71,71,primary,1,002_S_1261,0.2599999999999909,1,transition
72,72,primary,1,002_S_4262,0.010000000000005116,1,transition
73,73,primary,1,003_S_4288,0.030000000000001137,1,transition
74,74,primary,1,007_S_4637,0.18000000000000682,1,transition
75,75,primary,1,007_S_5265,0.0,1,transition
76,76,primary,1,011_S_4105,0.03999999999999204,1,transition
77,77,primary,1,014_S_6920,0.0,1,transition
78,78,primary,1,016_S_6834,0.45000000000000284,1,transition
79,79,primary,1,018_S_4349,0.12999999999999545,1,transition
80,80,primary,1,020_S_0899,0.18999999999999773,1,transition
81,81,primary,1,021_S_4254,0.1599999999999966,1,transition
82,82,primary,1,023_S_0061,0.030000000000001137,1,transition
83,83,primary,1,023_S_0926,0.060000000000002274,1,transition
84,84,primary,1,023_S_1190,0.009999999999990905,1,transition
85,85,primary,1,029_S_5166,0.030000000000001137,1,transition
86,86,primary,1,032_S_1169,0.05000000000001137,1,transition
87,87,primary,1,035_S_4785,0.09000000000000341,1,transition
88,88,primary,1,036_S_6189,0.0,1,transition
89,89,primary,1,037_S_0454,0.03999999999999204,1,transition
90,90,primary,1,037_S_0467,0.01999999999999602,1,transition
91,91,primary,1,037_S_6144,0.010000000000005116,1,transition
92,92,primary,1,041_S_0898,1.1400000000000006,1,transition
93,93,primary,1,041_S_4041,0.04000000000000625,1,transition
94,94,primary,1,057_S_5292,0.0,1,transition
95,95,primary,1,067_S_0059,0.060000000000002274,1,transition
96,96,primary,1,098_S_0171,0.05000000000001137,1,transition
97,97,primary,1,098_S_6362,1.0400000000000063,1,transition
98,98,primary,1,099_S_4076,0.009999999999990905,1,transition
99,99,primary,1,100_S_4512,0.05999999999998806,1,transition
100,100,primary,1,100_S_5075,0.3100000000000023,1,transition
101,101,primary,1,114_S_0416,0.09000000000000341,1,transition
102,102,primary,1,114_S_5234,0.010000000000005116,1,transition
103,103,primary,1,116_S_4092,0.2599999999999909,1,transition
104,104,primary,1,123_S_0106,0.11999999999999034,1,transition
105,105,primary,1,126_S_5214,0.0,1,transition
106,106,primary,1,126_S_6559,0.06999999999999318,1,transition
107,107,primary,1,127_S_0684,0.060000000000002274,1,transition
108,108,primary,1,127_S_6173,0.060000000000002274,1,transition
109,109,primary,1,135_S_4446,0.01999999999999602,1,transition
110,110,primary,1,141_S_6061,0.030000000000001137,1,transition
111,111,primary,1,168_S_6350,0.04000000000000625,1,transition
112,112,primary,1,941_S_4100,0.030000000000001137,1,transition
113,113,primary,1,002_S_4225,0.20000000000000284,1,transition
114,114,primary,1,003_S_5130,0.030000000000001137,1,transition
115,115,primary,1,009_S_0842,0.45000000000000284,1,transition
116,116,primary,1,011_S_0022,0.030000000000001137,1,transition
117,117,primary,1,011_S_4278,0.1699999999999875,1,transition
118,118,primary,1,018_S_4400,0.11999999999999034,1,transition
119,119,primary,1,021_S_0337,0.04999999999999716,1,transition
120,120,primary,1,021_S_0984,0.3100000000000023,1,transition
121,121,primary,1,021_S_5237,0.03999999999999204,1,transition
122,122,primary,1,021_S_6914,0.09000000000000341,1,transition
123,123,primary,1,029_S_4290,0.1799999999999926,1,transition
124,124,primary,1,029_S_5219,0.3200000000000074,1,transition
125,125,primary,1,033_S_4176,0.25,1,transition
126,126,primary,1,033_S_6352,0.04999999999999716,1,transition
127,127,primary,1,033_S_6969,0.4399999999999977,1,transition
128,128,primary,1,035_S_0555,0.20999999999999375,1,transition
129,129,primary,1,041_S_5253,0.3100000000000023,1,transition
130,130,primary,1,051_S_5294,0.23000000000000398,1,transition
131,131,primary,1,057_S_0779,0.09999999999999432,1,transition
132,132,primary,1,073_S_5227,0.3100000000000023,1,transition
133,133,primary,1,082_S_5282,0.010000000000005116,1,transition
134,134,primary,1,094_S_4234,0.269999999999996,1,transition
135,135,primary,1,100_S_0015,0.14000000000000057,1,transition
136,136,primary,1,100_S_5096,0.0799999999999983,1,transition
137,137,primary,1,116_S_4855,0.9900000000000091,1,transition
138,138,primary,1,127_S_6330,0.3500000000000085,1,transition
139,139,primary,1,128_S_4607,1.4299999999999997,1,transition
140,140,primary,1,129_S_0778,0.010000000000005116,1,transition
141,141,primary,1,135_S_5269,0.04999999999999716,1,transition
142,142,primary,1,137_S_0972,0.030000000000001137,1,transition
143,143,primary,1,941_S_6333,0.060000000000002274,1,transition
144,144,primary,1,002_S_4270,0.25,1,transition
145,145,primary,1,003_S_4081,0.07000000000000739,1,transition
146,146,primary,1,005_S_0223,0.04000000000000625,1,transition
147,147,primary,1,014_S_0548,0.0,1,transition
148,148,primary,1,014_S_6502,0.20999999999999375,1,transition
149,149,primary,1,020_S_0883,0.030000000000001137,1,transition
150,150,primary,1,020_S_6513,0.06999999999999318,1,transition
151,151,primary,1,024_S_1063,0.009999999999990905,1,transition
152,152,primary,1,027_S_5277,0.04000000000000625,1,transition
153,153,primary,1,027_S_6327,0.10999999999999943,1,transition
154,154,primary,1,029_S_4385,0.1700000000000017,1,transition
155,155,primary,1,032_S_5263,0.060000000000002274,1,transition
156,156,primary,1,033_S_0741,0.14000000000000057,1,transition
157,157,primary,1,033_S_0920,0.19999999999998863,1,transition
158,158,primary,1,033_S_1098,0.15000000000000568,1,transition
159,159,primary,1,051_S_1123,0.030000000000001137,1,transition
160,160,primary,1,082_S_0363,0.01999999999999602,1,transition
161,161,primary,1,099_S_6175,0.06999999999999318,1,transition
162,162,primary,1,114_S_0166,0.04000000000000625,1,transition
163,163,primary,1,116_S_1249,0.060000000000002274,1,transition
164,164,primary,1,116_S_6133,0.03999999999999204,1,transition
165,165,primary,1,126_S_0605,0.01999999999999602,1,transition
166,166,primary,1,127_S_0622,0.030000000000001137,1,transition
167,167,primary,1,127_S_4198,0.23999999999999488,1,transition
168,168,primary,1,128_S_0229,0.2600000000000051,1,transition
169,169,primary,1,135_S_4566,1.1599999999999966,1,transition
170,170,primary,1,009_S_4388,1.7800000000000011,1,transition
171,171,primary,1,012_S_1009,1.8299999999999983,1,transition
172,172,primary,1,014_S_4577,0.3299999999999983,1,transition
173,173,primary,1,014_S_6199,0.6799999999999926,1,transition
174,174,primary,1,033_S_4179,4.700000000000003,1,transition
175,175,primary,1,941_S_6254,4.25,1,transition
176,176,primary,1,002_S_6007,7.070000000000007,1,transition
177,177,primary,1,014_S_0520,1.4399999999999977,1,transition
178,178,primary,1,014_S_6988,11.889999999999986,1,transition
179,179,primary,1,941_S_6044,3.9399999999999977,1,transition
1,1,primary,1,082_S_6563,0.020000000000010232,0,stable_cn_matched
2,2,primary,1,032_S_0095,0.23999999999999488,0,stable_cn_matched
3,3,primary,1,041_S_5141,0.09999999999999432,0,stable_cn_matched
4,4,primary,1,024_S_4158,0.5099999999999909,0,stable_cn_matched
5,5,primary,1,041_S_6292,1.1400000000000006,0,stable_cn_matched
6,6,primary,1,100_S_0047,5.310000000000002,0,stable_cn_matched
7,7,primary,1,021_S_6896,1.0300000000000082,0,stable_cn_matched
8,8,primary,1,027_S_10272,0.20000000000000284,0,stable_cn_matched
9,9,primary,1,094_S_0526,0.5900000000000034,0,stable_cn_matched
10,10,primary,1,094_S_6485,0.5100000000000051,0,stable_cn_matched
11,11,primary,1,130_S_0886,0.12999999999999545,0,stable_cn_matched
12,12,primary,1,094_S_4560,0.1700000000000017,0,stable_cn_matched
13,13,primary,1,022_S_4173,0.19999999999998863,0,stable_cn_matched
14,14,primary,1,011_S_0021,0.23000000000000398,0,stable_cn_matched
15,15,primary,1,053_S_4578,0.0799999999999983,0,stable_cn_matched
16,16,primary,1,082_S_0304,0.01999999999999602,0,stable_cn_matched
17,17,primary,1,116_S_0657,0.1700000000000017,0,stable_cn_matched
18,18,primary,1,127_S_5200,0.4900000000000091,0,stable_cn_matched
19,19,primary,1,035_S_6306,8.420000000000002,0,stable_cn_matched
20,20,primary,1,100_S_5102,1.8900000000000006,0,stable_cn_matched
21,21,primary,1,018_S_0425,0.23000000000000398,0,stable_cn_matched
22,22,primary,1,032_S_0677,0.060000000000002274,0,stable_cn_matched
23,23,primary,1,019_S_10338,0.28000000000000114,0,stable_cn_matched
24,24,primary,1,016_S_6381,0.06999999999999318,0,stable_cn_matched
25,25,primary,1,072_S_4391,0.09000000000000341,0,stable_cn_matched
26,26,primary,1,098_S_6343,0.10999999999999943,0,stable_cn_matched
27,27,primary,1,033_S_4177,0.01999999999999602,0,stable_cn_matched
28,28,primary,1,130_S_4343,0.21999999999999886,0,stable_cn_matched
29,29,primary,1,033_S_0516,1.3200000000000074,0,stable_cn_matched
30,30,primary,1,007_S_0070,0.030000000000001137,0,stable_cn_matched
31,31,primary,1,041_S_4037,0.06999999999999318,0,stable_cn_matched
32,32,primary,1,099_S_4104,0.060000000000002274,0,stable_cn_matched
33,33,primary,1,006_S_4150,0.09999999999999432,0,stable_cn_matched
34,34,primary,1,041_S_5131,0.009999999999990905,0,stable_cn_matched
35,35,primary,1,019_S_4835,0.010000000000005116,0,stable_cn_matched
36,36,primary,1,041_S_4014,0.009999999999990905,0,stable_cn_matched
37,37,primary,1,019_S_6186,1.1899999999999977,0,stable_cn_matched
38,38,primary,1,014_S_0519,0.060000000000002274,0,stable_cn_matched
39,39,primary,1,127_S_6147,0.01999999999999602,0,stable_cn_matched
40,40,primary,1,052_S_0951,0.23999999999999488,0,stable_cn_matched
41,41,primary,1,141_S_1094,0.0,0,stable_cn_matched
42,42,primary,1,100_S_5280,0.04999999999999716,0,stable_cn_matched
43,43,primary,1,006_S_0731,0.04000000000000625,0,stable_cn_matched
44,44,primary,1,100_S_6308,0.009999999999990905,0,stable_cn_matched
45,45,primary,1,013_S_0502,0.030000000000001137,0,stable_cn_matched
46,46,primary,1,006_S_6209,0.14000000000000057,0,stable_cn_matched
47,47,primary,1,027_S_5170,0.04999999999999716,0,stable_cn_matched
48,48,primary,1,168_S_6321,0.009999999999990905,0,stable_cn_matched
49,49,primary,1,072_S_0315,0.030000000000001137,0,stable_cn_matched
50,50,primary,1,941_S_1195,0.01999999999999602,0,stable_cn_matched
51,51,primary,1,007_S_1206,0.010000000000005116,0,stable_cn_matched
52,52,primary,1,099_S_0040,0.04999999999999716,0,stable_cn_matched
53,53,primary,1,123_S_0072,0.010000000000005116,0,stable_cn_matched
54,54,primary,1,137_S_4466,0.2600000000000051,0,stable_cn_matched
55,55,primary,1,130_S_0969,0.0,0,stable_cn_matched
56,56,primary,1,011_S_0023,0.05999999999998806,0,stable_cn_matched
57,57,primary,1,082_S_4208,0.1799999999999926,0,stable_cn_matched
58,58,primary,1,036_S_4491,0.3500000000000085,0,stable_cn_matched
59,59,primary,1,009_S_6163,0.04999999999999716,0,stable_cn_matched
60,60,primary,1,027_S_5079,0.010000000000005116,0,stable_cn_matched
61,61,primary,1,007_S_4516,0.010000000000005116,0,stable_cn_matched
62,62,primary,1,127_S_4148,0.020000000000010232,0,stable_cn_matched
63,63,primary,1,098_S_4018,0.01999999999999602,0,stable_cn_matched
64,64,primary,1,032_S_4921,0.060000000000002274,0,stable_cn_matched
65,65,primary,1,011_S_6418,0.07000000000000739,0,stable_cn_matched
66,66,primary,1,013_S_4616,0.10000000000000853,0,stable_cn_matched
67,67,primary,1,036_S_0576,0.010000000000005116,0,stable_cn_matched
68,68,primary,1,141_S_0810,0.0799999999999983,0,stable_cn_matched
69,69,primary,1,027_S_0118,0.09000000000000341,0,stable_cn_matched
70,70,primary,1,073_S_4393,0.009999999999990905,0,stable_cn_matched
71,71,primary,1,133_S_0488,0.2599999999999909,0,stable_cn_matched
72,72,primary,1,036_S_4878,0.010000000000005116,0,stable_cn_matched
73,73,primary,1,941_S_5193,0.030000000000001137,0,stable_cn_matched
74,74,primary,1,022_S_4320,0.18000000000000682,0,stable_cn_matched
75,75,primary,1,129_S_6228,0.0,0,stable_cn_matched
76,76,primary,1,006_S_6277,0.03999999999999204,0,stable_cn_matched
77,77,primary,1,168_S_6320,0.0,0,stable_cn_matched
78,78,primary,1,021_S_6978,0.45000000000000284,0,stable_cn_matched
79,79,primary,1,116_S_0648,0.12999999999999545,0,stable_cn_matched
80,80,primary,1,941_S_6580,0.18999999999999773,0,stable_cn_matched
81,81,primary,1,003_S_0931,0.1599999999999966,0,stable_cn_matched
82,82,primary,1,033_S_4508,0.030000000000001137,0,stable_cn_matched
83,83,primary,1,033_S_10353,0.060000000000002274,0,stable_cn_matched
84,84,primary,1,941_S_4376,0.009999999999990905,0,stable_cn_matched
85,85,primary,1,114_S_6309,0.030000000000001137,0,stable_cn_matched
86,86,primary,1,116_S_1232,0.05000000000001137,0,stable_cn_matched
87,87,primary,1,068_S_4340,0.09000000000000341,0,stable_cn_matched
88,88,primary,1,021_S_7062,0.0,0,stable_cn_matched
89,89,primary,1,011_S_4120,0.03999999999999204,0,stable_cn_matched
90,90,primary,1,099_S_0533,0.01999999999999602,0,stable_cn_matched
91,91,primary,1,135_S_4598,0.010000000000005116,0,stable_cn_matched
92,92,primary,1,003_S_0981,1.1400000000000006,0,stable_cn_matched
93,93,primary,1,021_S_0159,0.04000000000000625,0,stable_cn_matched
94,94,primary,1,037_S_6187,0.0,0,stable_cn_matched
95,95,primary,1,116_S_4010,0.060000000000002274,0,stable_cn_matched
96,96,primary,1,033_S_1016,0.05000000000001137,0,stable_cn_matched
97,97,primary,1,027_S_5288,1.0400000000000063,0,stable_cn_matched
98,98,primary,1,021_S_5177,0.009999999999990905,0,stable_cn_matched
99,99,primary,1,035_S_7050,0.05999999999998806,0,stable_cn_matched
100,100,primary,1,041_S_6192,0.3100000000000023,0,stable_cn_matched
101,101,primary,1,100_S_1286,0.09000000000000341,0,stable_cn_matched
102,102,primary,1,941_S_6054,0.010000000000005116,0,stable_cn_matched
103,103,primary,1,016_S_0359,0.2599999999999909,0,stable_cn_matched
104,104,primary,1,098_S_6734,0.11999999999999034,0,stable_cn_matched
105,105,primary,1,141_S_6116,0.0,0,stable_cn_matched
106,106,primary,1,168_S_6051,0.06999999999999318,0,stable_cn_matched
107,107,primary,1,123_S_10248,0.060000000000002274,0,stable_cn_matched
108,108,primary,1,020_S_5140,0.060000000000002274,0,stable_cn_matched
109,109,primary,1,024_S_4084,0.01999999999999602,0,stable_cn_matched
110,110,primary,1,057_S_0818,0.030000000000001137,0,stable_cn_matched
111,111,primary,1,067_S_6443,0.04000000000000625,0,stable_cn_matched
112,112,primary,1,014_S_4080,0.030000000000001137,0,stable_cn_matched
113,113,primary,1,114_S_6462,0.20000000000000284,0,stable_cn_matched
114,114,primary,1,341_S_6494,0.030000000000001137,0,stable_cn_matched
115,115,primary,1,100_S_10110,0.45000000000000284,0,stable_cn_matched
116,116,primary,1,073_S_4552,0.030000000000001137,0,stable_cn_matched
117,117,primary,1,031_S_0618,0.1699999999999875,0,stable_cn_matched
118,118,primary,1,011_S_10371,0.11999999999999034,0,stable_cn_matched
119,119,primary,1,041_S_6401,0.04999999999999716,0,stable_cn_matched
120,120,primary,1,003_S_6307,0.3100000000000023,0,stable_cn_matched
121,121,primary,1,082_S_5278,0.03999999999999204,0,stable_cn_matched
122,122,primary,1,023_S_0058,0.09000000000000341,0,stable_cn_matched
123,123,primary,1,011_S_4075,0.1799999999999926,0,stable_cn_matched
124,124,primary,1,035_S_4082,0.3200000000000074,0,stable_cn_matched
125,125,primary,1,037_S_0303,0.25,0,stable_cn_matched
126,126,primary,1,003_S_6259,0.04999999999999716,0,stable_cn_matched
127,127,primary,1,020_S_6470,0.4399999999999977,0,stable_cn_matched
128,128,primary,1,062_S_0768,0.20999999999999375,0,stable_cn_matched
129,129,primary,1,129_S_4371,0.3100000000000023,0,stable_cn_matched
130,130,primary,1,135_S_6360,0.23000000000000398,0,stable_cn_matched
131,131,primary,1,100_S_6493,0.09999999999999432,0,stable_cn_matched
132,132,primary,1,126_S_5243,0.3100000000000023,0,stable_cn_matched
133,133,primary,1,135_S_6510,0.010000000000005116,0,stable_cn_matched
134,134,primary,1,035_S_4464,0.269999999999996,0,stable_cn_matched
135,135,primary,1,141_S_0726,0.14000000000000057,0,stable_cn_matched
136,136,primary,1,029_S_0845,0.0799999999999983,0,stable_cn_matched
137,137,primary,1,002_S_0295,0.9900000000000091,0,stable_cn_matched
138,138,primary,1,023_S_0081,0.3500000000000085,0,stable_cn_matched
139,139,primary,1,067_S_7059,1.4299999999999997,0,stable_cn_matched
140,140,primary,1,941_S_4255,0.010000000000005116,0,stable_cn_matched
141,141,primary,1,127_S_4604,0.04999999999999716,0,stable_cn_matched
142,142,primary,1,067_S_6957,0.030000000000001137,0,stable_cn_matched
143,143,primary,1,082_S_10220,0.060000000000002274,0,stable_cn_matched
144,144,primary,1,100_S_10034,0.25,0,stable_cn_matched
145,145,primary,1,035_S_6551,0.07000000000000739,0,stable_cn_matched
146,146,primary,1,018_S_4399,0.04000000000000625,0,stable_cn_matched
147,147,primary,1,068_S_4174,0.0,0,stable_cn_matched
148,148,primary,1,024_S_5290,0.20999999999999375,0,stable_cn_matched
149,149,primary,1,007_S_4387,0.030000000000001137,0,stable_cn_matched
150,150,primary,1,068_S_4424,0.06999999999999318,0,stable_cn_matched
151,151,primary,1,136_S_0184,0.009999999999990905,0,stable_cn_matched
152,152,primary,1,016_S_4951,0.04000000000000625,0,stable_cn_matched
153,153,primary,1,036_S_1023,0.10999999999999943,0,stable_cn_matched
154,154,primary,1,009_S_4612,0.1700000000000017,0,stable_cn_matched
155,155,primary,1,007_S_6255,0.060000000000002274,0,stable_cn_matched
156,156,primary,1,941_S_6546,0.14000000000000057,0,stable_cn_matched
157,157,primary,1,035_S_7123,0.19999999999998863,0,stable_cn_matched
158,158,primary,1,131_S_1301,0.15000000000000568,0,stable_cn_matched
159,159,primary,1,153_S_4125,0.030000000000001137,0,stable_cn_matched
160,160,primary,1,082_S_1256,0.01999999999999602,0,stable_cn_matched
161,161,primary,1,036_S_6088,0.06999999999999318,0,stable_cn_matched
162,162,primary,1,003_S_5154,0.04000000000000625,0,stable_cn_matched
163,163,primary,1,002_S_1280,0.060000000000002274,0,stable_cn_matched
164,164,primary,1,016_S_4952,0.03999999999999204,0,stable_cn_matched
165,165,primary,1,057_S_5295,0.01999999999999602,0,stable_cn_matched
166,166,primary,1,021_S_5129,0.030000000000001137,0,stable_cn_matched
167,167,primary,1,067_S_0257,0.23999999999999488,0,stable_cn_matched
168,168,primary,1,114_S_6063,0.2600000000000051,0,stable_cn_matched
169,169,primary,1,011_S_4222,1.1599999999999966,0,stable_cn_matched
170,170,primary,1,003_S_10158,1.7800000000000011,0,stable_cn_matched
171,171,primary,1,389_S_10208,1.8299999999999983,0,stable_cn_matched
172,172,primary,1,082_S_4339,0.3299999999999983,0,stable_cn_matched
173,173,primary,1,099_S_0090,0.6799999999999926,0,stable_cn_matched
174,174,primary,1,035_S_0048,4.700000000000003,0,stable_cn_matched
175,175,primary,1,033_S_7100,4.25,0,stable_cn_matched
176,176,primary,1,013_S_4580,7.070000000000007,0,stable_cn_matched
177,177,primary,1,014_S_6831,1.4399999999999977,0,stable_cn_matched
178,178,primary,1,057_S_0643,11.889999999999986,0,stable_cn_matched
179,179,primary,1,037_S_10050,3.9399999999999977,0,stable_cn_matched
